profile,threads,iterations_per_thread,total_ops,work,mode,run,exit_code,wall_seconds,max_rss_kb,user_seconds,sys_seconds,target_elapsed_ns,bench_status,generated,consumed,dropped,loss_ppm,trace_integrity,stream_gaps,tainted_streams,total_violations
sync_heavy,1,400000,400000,0,baseline,1,0,0.01,1792,0.0,0.0,10798958,PASS,,,,,,,,
sync_heavy,1,400000,400000,0,monitor,1,0,0.22,1792,0.32,0.11,215966643,PASS,1200002,1189046,10956,9129,DEGRADED,23,1,0
sync_heavy,1,400000,400000,0,monitor,2,0,0.18,1792,0.28,0.07,176734413,PASS,1200002,1198283,1719,1432,DEGRADED,10,1,0
sync_heavy,1,400000,400000,0,baseline,2,0,0.01,1792,0.01,0.0,11402210,PASS,,,,,,,,
sync_heavy,1,400000,400000,0,baseline,3,0,0.01,1792,0.0,0.0,10564567,PASS,,,,,,,,
sync_heavy,1,400000,400000,0,monitor,3,0,0.2,1792,0.27,0.13,203520476,PASS,1200002,1186837,13165,10970,DEGRADED,21,1,0
sync_heavy,1,400000,400000,0,monitor,4,0,0.2,1792,0.32,0.08,200568221,PASS,1200002,1196253,3749,3124,DEGRADED,6,1,0
sync_heavy,1,400000,400000,0,baseline,4,0,0.01,1792,0.01,0.0,10672430,PASS,,,,,,,,
sync_heavy,1,400000,400000,0,baseline,5,0,0.01,1792,0.01,0.0,10874035,PASS,,,,,,,,
sync_heavy,1,400000,400000,0,monitor,5,0,0.19,1792,0.27,0.11,191521471,PASS,1200002,1184618,15384,12819,DEGRADED,18,1,0
sync_heavy,1,400000,400000,0,monitor,6,0,0.17,1792,0.22,0.11,169220364,PASS,1200002,1191829,8173,6810,DEGRADED,8,1,0
sync_heavy,1,400000,400000,0,baseline,6,0,0.01,1792,0.0,0.0,10402098,PASS,,,,,,,,
sync_heavy,1,400000,400000,0,baseline,7,0,0.01,1792,0.0,0.0,10563555,PASS,,,,,,,,
sync_heavy,1,400000,400000,0,monitor,7,0,0.2,1792,0.3,0.08,196726211,PASS,1200002,1197628,2374,1978,DEGRADED,10,1,0
sync_heavy,1,400000,400000,0,monitor,8,0,0.19,1792,0.28,0.09,187735510,PASS,1200002,1194379,5623,4685,DEGRADED,5,1,0
sync_heavy,1,400000,400000,0,baseline,8,0,0.01,1792,0.01,0.0,10433581,PASS,,,,,,,,
sync_heavy,1,400000,400000,0,baseline,9,0,0.01,1792,0.01,0.0,10687101,PASS,,,,,,,,
sync_heavy,1,400000,400000,0,monitor,9,0,0.26,1792,0.41,0.11,263986159,PASS,1200002,1194476,5526,4604,DEGRADED,20,1,0
sync_heavy,1,400000,400000,0,monitor,10,0,0.22,1792,0.3,0.14,221620865,PASS,1200002,1197041,2961,2467,DEGRADED,13,1,0
sync_heavy,1,400000,400000,0,baseline,10,0,0.01,1792,0.01,0.0,10718688,PASS,,,,,,,,
sync_heavy,2,200000,400000,0,baseline,1,0,0.03,1664,0.04,0.01,31916539,PASS,,,,,,,,
sync_heavy,2,200000,400000,0,monitor,1,0,0.23,1792,0.33,0.28,231853464,PASS,1200004,1183963,16041,13367,DEGRADED,27,2,0
sync_heavy,2,200000,400000,0,monitor,2,0,0.23,1792,0.36,0.25,227879132,PASS,1200004,1196834,3170,2641,DEGRADED,10,2,0
sync_heavy,2,200000,400000,0,baseline,2,0,0.03,1792,0.03,0.01,29563838,PASS,,,,,,,,
sync_heavy,2,200000,400000,0,baseline,3,0,0.03,1792,0.05,0.0,29731835,PASS,,,,,,,,
sync_heavy,2,200000,400000,0,monitor,3,0,0.21,1792,0.33,0.24,211706071,PASS,1200004,1192716,7288,6073,DEGRADED,4,2,0
sync_heavy,2,200000,400000,0,monitor,4,0,0.2,1792,0.33,0.21,194960231,PASS,1200004,1198098,1906,1588,DEGRADED,3,1,0
sync_heavy,2,200000,400000,0,baseline,4,0,0.03,1792,0.03,0.02,31710109,PASS,,,,,,,,
sync_heavy,2,200000,400000,0,baseline,5,0,0.03,1664,0.04,0.01,32914527,PASS,,,,,,,,
sync_heavy,2,200000,400000,0,monitor,5,0,0.23,1792,0.39,0.23,231957388,PASS,1200004,1195012,4992,4159,DEGRADED,12,2,0
sync_heavy,2,200000,400000,0,monitor,6,0,0.21,1792,0.38,0.19,207378477,PASS,1200004,1200004,0,0,COMPLETE,0,0,0
sync_heavy,2,200000,400000,0,baseline,6,0,0.03,1792,0.03,0.02,30609045,PASS,,,,,,,,
sync_heavy,2,200000,400000,0,baseline,7,0,0.03,1792,0.04,0.01,32285787,PASS,,,,,,,,
sync_heavy,2,200000,400000,0,monitor,7,0,0.24,1792,0.4,0.24,242183490,PASS,1200004,1198287,1717,1430,DEGRADED,9,2,0
sync_heavy,2,200000,400000,0,monitor,8,0,0.23,1792,0.4,0.21,226635523,PASS,1200004,1188818,11186,9321,DEGRADED,15,2,0
sync_heavy,2,200000,400000,0,baseline,8,0,0.03,1792,0.04,0.01,32789541,PASS,,,,,,,,
sync_heavy,2,200000,400000,0,baseline,9,0,0.03,1792,0.03,0.02,32134230,PASS,,,,,,,,
sync_heavy,2,200000,400000,0,monitor,9,0,0.2,1792,0.37,0.18,198266697,PASS,1200004,1173130,26874,22394,DEGRADED,16,2,0
sync_heavy,2,200000,400000,0,monitor,10,0,0.23,1792,0.39,0.23,234533005,PASS,1200004,1191788,8216,6846,DEGRADED,10,2,0
sync_heavy,2,200000,400000,0,baseline,10,0,0.03,1792,0.04,0.02,32520137,PASS,,,,,,,,
sync_heavy,4,100000,400000,0,baseline,1,0,0.03,1664,0.03,0.04,27309402,PASS,,,,,,,,
sync_heavy,4,100000,400000,0,monitor,1,0,0.23,1792,0.46,0.38,230414868,PASS,1200008,1200008,0,0,COMPLETE,0,0,0
sync_heavy,4,100000,400000,0,monitor,2,0,0.25,1792,0.52,0.37,246312128,PASS,1200008,1199826,182,151,DEGRADED,4,1,0
sync_heavy,4,100000,400000,0,baseline,2,0,0.03,1792,0.03,0.05,28918336,PASS,,,,,,,,
sync_heavy,4,100000,400000,0,baseline,3,0,0.03,1920,0.05,0.03,28731493,PASS,,,,,,,,
sync_heavy,4,100000,400000,0,monitor,3,0,0.24,1792,0.46,0.39,237478685,PASS,1200008,1191519,8489,7074,DEGRADED,8,3,0
sync_heavy,4,100000,400000,0,monitor,4,0,0.23,1792,0.46,0.36,228877945,PASS,1200008,1195261,4747,3955,DEGRADED,2,2,0
sync_heavy,4,100000,400000,0,baseline,4,0,0.03,1664,0.02,0.05,28686347,PASS,,,,,,,,
sync_heavy,4,100000,400000,0,baseline,5,0,0.02,1664,0.04,0.03,26947387,PASS,,,,,,,,
sync_heavy,4,100000,400000,0,monitor,5,0,0.24,1792,0.5,0.37,238575168,PASS,1200008,1196959,3049,2540,DEGRADED,4,1,0
sync_heavy,4,100000,400000,0,monitor,6,0,0.23,1792,0.51,0.33,233257782,PASS,1200008,1200008,0,0,COMPLETE,0,0,0
sync_heavy,4,100000,400000,0,baseline,6,0,0.02,1792,0.04,0.02,26723172,PASS,,,,,,,,
sync_heavy,4,100000,400000,0,baseline,7,0,0.03,1792,0.04,0.03,28959133,PASS,,,,,,,,
sync_heavy,4,100000,400000,0,monitor,7,0,0.24,1792,0.43,0.43,242167827,PASS,1200008,1192308,7700,6416,DEGRADED,8,3,0
sync_heavy,4,100000,400000,0,monitor,8,0,0.24,1792,0.48,0.4,240746431,PASS,1200008,1196453,3555,2962,DEGRADED,2,2,0
sync_heavy,4,100000,400000,0,baseline,8,0,0.02,1792,0.03,0.03,26521346,PASS,,,,,,,,
sync_heavy,4,100000,400000,0,baseline,9,0,0.02,1792,0.04,0.03,26758635,PASS,,,,,,,,
sync_heavy,4,100000,400000,0,monitor,9,0,0.24,1792,0.49,0.38,243235400,PASS,1200008,1200008,0,0,COMPLETE,0,0,0
sync_heavy,4,100000,400000,0,monitor,10,0,0.23,1792,0.41,0.39,226757814,PASS,1200008,1184177,15831,13192,DEGRADED,11,3,0
sync_heavy,4,100000,400000,0,baseline,10,0,0.03,1664,0.04,0.03,28717786,PASS,,,,,,,,
sync_heavy,8,50000,400000,0,baseline,1,0,0.03,1920,0.05,0.13,35797932,PASS,,,,,,,,
sync_heavy,8,50000,400000,0,monitor,1,0,0.28,1920,0.71,0.88,273814009,PASS,1200016,1200016,0,0,COMPLETE,0,0,0
sync_heavy,8,50000,400000,0,monitor,2,0,0.28,1920,0.76,0.83,278549207,PASS,1200016,1200016,0,0,COMPLETE,0,0,0
sync_heavy,8,50000,400000,0,baseline,2,0,0.03,1792,0.06,0.1,34641634,PASS,,,,,,,,
sync_heavy,8,50000,400000,0,baseline,3,0,0.04,1792,0.03,0.16,36422675,PASS,,,,,,,,
sync_heavy,8,50000,400000,0,monitor,3,0,0.27,1920,0.62,0.95,272112919,PASS,1200016,1200016,0,0,COMPLETE,0,0,0
sync_heavy,8,50000,400000,0,monitor,4,0,0.27,1920,0.65,0.9,269057098,PASS,1200016,1200016,0,0,COMPLETE,0,0,0
sync_heavy,8,50000,400000,0,baseline,4,0,0.03,1792,0.03,0.14,33692349,PASS,,,,,,,,
sync_heavy,8,50000,400000,0,baseline,5,0,0.04,1792,0.05,0.15,37389504,PASS,,,,,,,,
sync_heavy,8,50000,400000,0,monitor,5,0,0.27,1920,0.64,0.91,266775256,PASS,1200016,1200016,0,0,COMPLETE,0,0,0
sync_heavy,8,50000,400000,0,monitor,6,0,0.26,1920,0.62,0.91,260979009,PASS,1200016,1200016,0,0,COMPLETE,0,0,0
sync_heavy,8,50000,400000,0,baseline,6,0,0.03,1792,0.05,0.12,33724519,PASS,,,,,,,,
sync_heavy,8,50000,400000,0,baseline,7,0,0.04,1920,0.05,0.14,36843311,PASS,,,,,,,,
sync_heavy,8,50000,400000,0,monitor,7,0,0.27,1920,0.7,0.85,268279627,PASS,1200016,1200016,0,0,COMPLETE,0,0,0
sync_heavy,8,50000,400000,0,monitor,8,0,0.28,1920,0.69,0.88,273876706,PASS,1200016,1200016,0,0,COMPLETE,0,0,0
sync_heavy,8,50000,400000,0,baseline,8,0,0.03,1792,0.02,0.16,36098817,PASS,,,,,,,,
sync_heavy,8,50000,400000,0,baseline,9,0,0.03,1792,0.04,0.12,32951286,PASS,,,,,,,,
sync_heavy,8,50000,400000,0,monitor,9,0,0.27,1920,0.63,0.92,267238893,PASS,1200016,1200016,0,0,COMPLETE,0,0,0
sync_heavy,8,50000,400000,0,monitor,10,0,0.27,1920,0.7,0.84,266452218,PASS,1200016,1200016,0,0,COMPLETE,0,0,0
sync_heavy,8,50000,400000,0,baseline,10,0,0.04,1792,0.07,0.12,37818806,PASS,,,,,,,,
sync_heavy,16,25000,400000,0,baseline,1,0,0.04,1792,0.04,0.41,37717555,PASS,,,,,,,,
sync_heavy,16,25000,400000,0,monitor,1,0,0.29,2048,0.7,2.57,287411615,PASS,1200032,1200032,0,0,COMPLETE,0,0,0
sync_heavy,16,25000,400000,0,monitor,2,0,0.29,2560,0.73,2.3,278764130,PASS,1200032,1200032,0,0,COMPLETE,0,0,0
sync_heavy,16,25000,400000,0,baseline,2,0,0.04,1792,0.02,0.43,38760388,PASS,,,,,,,,
sync_heavy,16,25000,400000,0,baseline,3,0,0.04,1792,0.07,0.36,39105200,PASS,,,,,,,,
sync_heavy,16,25000,400000,0,monitor,3,0,0.29,2176,0.74,2.54,281272461,PASS,1200032,1200032,0,0,COMPLETE,0,0,0
sync_heavy,16,25000,400000,0,monitor,4,0,0.29,2176,0.7,2.53,283706019,PASS,1200032,1200032,0,0,COMPLETE,0,0,0
sync_heavy,16,25000,400000,0,baseline,4,0,0.04,1792,0.04,0.44,39158750,PASS,,,,,,,,
sync_heavy,16,25000,400000,0,baseline,5,0,0.04,1792,0.07,0.38,36924904,PASS,,,,,,,,
sync_heavy,16,25000,400000,0,monitor,5,0,0.29,2048,0.77,2.51,282306917,PASS,1200032,1200032,0,0,COMPLETE,0,0,0
sync_heavy,16,25000,400000,0,monitor,6,0,0.29,2176,0.83,2.34,285950170,PASS,1200032,1200032,0,0,COMPLETE,0,0,0
sync_heavy,16,25000,400000,0,baseline,6,0,0.04,1792,0.03,0.4,35450607,PASS,,,,,,,,
sync_heavy,16,25000,400000,0,baseline,7,0,0.04,1792,0.08,0.37,37960018,PASS,,,,,,,,
sync_heavy,16,25000,400000,0,monitor,7,0,0.29,2176,0.67,1.88,275857129,PASS,1200032,1154330,45702,38083,DEGRADED,46,13,0
sync_heavy,16,25000,400000,0,monitor,8,0,0.31,2176,0.75,2.58,302971426,PASS,1200032,1200032,0,0,COMPLETE,0,0,0
sync_heavy,16,25000,400000,0,baseline,8,0,0.04,1920,0.07,0.39,40082089,PASS,,,,,,,,
sync_heavy,16,25000,400000,0,baseline,9,0,0.04,1792,0.05,0.4,39781189,PASS,,,,,,,,
sync_heavy,16,25000,400000,0,monitor,9,0,0.3,2176,0.75,2.63,292173836,PASS,1200032,1200032,0,0,COMPLETE,0,0,0
sync_heavy,16,25000,400000,0,monitor,10,0,0.3,2176,0.74,2.6,286194432,PASS,1200032,1200032,0,0,COMPLETE,0,0,0
sync_heavy,16,25000,400000,0,baseline,10,0,0.04,1792,0.04,0.42,39378577,PASS,,,,,,,,
mixed,1,400000,400000,100,baseline,1,0,0.13,1792,0.12,0.0,129729388,PASS,,,,,,,,
mixed,1,400000,400000,100,monitor,1,0,0.32,1792,0.43,0.2,320702131,PASS,1200002,1195922,4080,3399,DEGRADED,8,1,0
mixed,1,400000,400000,100,monitor,2,0,0.31,1792,0.44,0.16,306986951,PASS,1200002,1199813,189,157,DEGRADED,2,1,0
mixed,1,400000,400000,100,baseline,2,0,0.13,1792,0.12,0.0,128097989,PASS,,,,,,,,
mixed,1,400000,400000,100,baseline,3,0,0.13,1792,0.12,0.0,127848530,PASS,,,,,,,,
mixed,1,400000,400000,100,monitor,3,0,0.34,1792,0.43,0.24,340712334,PASS,1200002,1195657,4345,3620,DEGRADED,4,1,0
mixed,1,400000,400000,100,monitor,4,0,0.31,1792,0.39,0.22,309728131,PASS,1200002,1198314,1688,1406,DEGRADED,2,1,0
mixed,1,400000,400000,100,baseline,4,0,0.13,1792,0.12,0.0,129086362,PASS,,,,,,,,
mixed,1,400000,400000,100,baseline,5,0,0.13,1792,0.13,0.0,127895949,PASS,,,,,,,,
mixed,1,400000,400000,100,monitor,5,0,0.32,1792,0.42,0.21,319089129,PASS,1200002,1200002,0,0,COMPLETE,0,0,0
mixed,1,400000,400000,100,monitor,6,0,0.31,1792,0.41,0.2,311213561,PASS,1200002,1161727,38275,31895,DEGRADED,17,1,0
mixed,1,400000,400000,100,baseline,6,0,0.13,1792,0.12,0.0,129578703,PASS,,,,,,,,
mixed,1,400000,400000,100,baseline,7,0,0.14,1792,0.13,0.0,139679575,PASS,,,,,,,,
mixed,1,400000,400000,100,monitor,7,0,0.32,1792,0.42,0.2,314399746,PASS,1200002,1180343,19659,16382,DEGRADED,3,1,0
mixed,1,400000,400000,100,monitor,8,0,0.3,1792,0.39,0.2,302710943,PASS,1200002,1193980,6022,5018,DEGRADED,9,1,0
mixed,1,400000,400000,100,baseline,8,0,0.12,1792,0.12,0.0,129558975,PASS,,,,,,,,
mixed,1,400000,400000,100,baseline,9,0,0.13,1792,0.13,0.0,134082014,PASS,,,,,,,,
mixed,1,400000,400000,100,monitor,9,0,0.33,1792,0.48,0.19,337753964,PASS,1200002,1194723,5279,4399,DEGRADED,7,1,0
mixed,1,400000,400000,100,monitor,10,0,0.31,1792,0.46,0.18,327413001,PASS,1200002,1176148,23854,19878,DEGRADED,12,1,0
mixed,1,400000,400000,100,baseline,10,0,0.13,1792,0.12,0.0,132191623,PASS,,,,,,,,
mixed,2,200000,400000,100,baseline,1,0,0.22,1792,0.17,0.13,223680833,PASS,,,,,,,,
mixed,2,200000,400000,100,monitor,1,0,0.42,1792,0.54,0.51,428293075,PASS,1200004,1197761,2243,1869,DEGRADED,4,2,0
mixed,2,200000,400000,100,monitor,2,0,0.41,1792,0.58,0.45,419749386,PASS,1200004,1200004,0,0,COMPLETE,0,0,0
mixed,2,200000,400000,100,baseline,2,0,0.23,1792,0.18,0.14,239324196,PASS,,,,,,,,
mixed,2,200000,400000,100,baseline,3,0,0.26,1664,0.2,0.16,267926755,PASS,,,,,,,,
mixed,2,200000,400000,100,monitor,3,0,0.44,1792,0.5,0.59,445842073,PASS,1200004,1196586,3418,2848,DEGRADED,2,1,0
mixed,2,200000,400000,100,monitor,4,0,0.42,1792,0.56,0.49,424432996,PASS,1200004,1197857,2147,1789,DEGRADED,4,1,0
mixed,2,200000,400000,100,baseline,4,0,0.24,1792,0.19,0.14,241982050,PASS,,,,,,,,
mixed,2,200000,400000,100,baseline,5,0,0.25,1792,0.17,0.15,232995323,PASS,,,,,,,,
mixed,2,200000,400000,100,monitor,5,0,0.42,1792,0.51,0.54,425702893,PASS,1200004,1196501,3503,2919,DEGRADED,8,2,0
mixed,2,200000,400000,100,monitor,6,0,0.43,1792,0.58,0.49,437846485,PASS,1200004,1165411,34593,28827,DEGRADED,8,2,0
mixed,2,200000,400000,100,baseline,6,0,0.23,1664,0.23,0.09,236828950,PASS,,,,,,,,
mixed,2,200000,400000,100,baseline,7,0,0.21,1792,0.19,0.1,215401487,PASS,,,,,,,,
mixed,2,200000,400000,100,monitor,7,0,0.44,1792,0.52,0.56,441092493,PASS,1200004,1194171,5833,4860,DEGRADED,6,2,0
mixed,2,200000,400000,100,monitor,8,0,0.42,1792,0.5,0.54,426042987,PASS,1200004,1198094,1910,1591,DEGRADED,5,2,0
mixed,2,200000,400000,100,baseline,8,0,0.18,1664,0.18,0.08,188708792,PASS,,,,,,,,
mixed,2,200000,400000,100,baseline,9,0,0.21,1792,0.19,0.1,211129320,PASS,,,,,,,,
mixed,2,200000,400000,100,monitor,9,0,0.43,1792,0.58,0.48,432272570,PASS,1200004,1195855,4149,3457,DEGRADED,10,2,0
mixed,2,200000,400000,100,monitor,10,0,0.43,1792,0.54,0.52,432344210,PASS,1200004,1200004,0,0,COMPLETE,0,0,0
mixed,2,200000,400000,100,baseline,10,0,0.21,1792,0.19,0.09,209672908,PASS,,,,,,,,
mixed,4,100000,400000,100,baseline,1,0,0.23,1792,0.22,0.34,236136405,PASS,,,,,,,,
mixed,4,100000,400000,100,monitor,1,0,0.54,1920,0.77,1.02,539122222,PASS,1200008,1198605,1403,1169,DEGRADED,5,2,0
mixed,4,100000,400000,100,monitor,2,0,0.53,1792,0.7,1.06,532182320,PASS,1200008,1200008,0,0,COMPLETE,0,0,0
mixed,4,100000,400000,100,baseline,2,0,0.24,1920,0.21,0.35,243741478,PASS,,,,,,,,
mixed,4,100000,400000,100,baseline,3,0,0.24,1920,0.15,0.4,242341149,PASS,,,,,,,,
mixed,4,100000,400000,100,monitor,3,0,0.53,1792,0.74,1.01,528433218,PASS,1200008,1200008,0,0,COMPLETE,0,0,0
mixed,4,100000,400000,100,monitor,4,0,0.55,1792,0.76,1.05,550777600,PASS,1200008,1198999,1009,840,DEGRADED,8,2,0
mixed,4,100000,400000,100,baseline,4,0,0.24,1920,0.18,0.39,242784588,PASS,,,,,,,,
mixed,4,100000,400000,100,baseline,5,0,0.24,1792,0.19,0.36,236810684,PASS,,,,,,,,
mixed,4,100000,400000,100,monitor,5,0,0.52,1792,0.74,0.98,520977105,PASS,1200008,1199595,413,344,DEGRADED,3,2,0
mixed,4,100000,400000,100,monitor,6,0,0.53,1792,0.8,0.97,532326520,PASS,1200008,1200008,0,0,COMPLETE,0,0,0
mixed,4,100000,400000,100,baseline,6,0,0.25,1664,0.26,0.33,252751606,PASS,,,,,,,,
mixed,4,100000,400000,100,baseline,7,0,0.26,1792,0.25,0.33,261189460,PASS,,,,,,,,
mixed,4,100000,400000,100,monitor,7,0,0.57,1920,0.81,1.09,571240542,PASS,1200008,1198368,1640,1366,DEGRADED,3,2,0
mixed,4,100000,400000,100,monitor,8,0,0.55,1792,0.81,1.03,551752279,PASS,1200008,1199320,688,573,DEGRADED,1,1,0
mixed,4,100000,400000,100,baseline,8,0,0.25,1664,0.24,0.34,247593085,PASS,,,,,,,,
mixed,4,100000,400000,100,baseline,9,0,0.25,1664,0.19,0.4,252810783,PASS,,,,,,,,
mixed,4,100000,400000,100,monitor,9,0,0.53,1792,0.7,1.07,528315265,PASS,1200008,1197414,2594,2161,DEGRADED,2,1,0
mixed,4,100000,400000,100,monitor,10,0,0.53,1792,0.7,1.06,524352286,PASS,1200008,1200008,0,0,COMPLETE,0,0,0
mixed,4,100000,400000,100,baseline,10,0,0.25,1664,0.23,0.34,248968668,PASS,,,,,,,,
mixed,8,50000,400000,100,baseline,1,0,0.29,1920,0.35,0.92,287786885,PASS,,,,,,,,
mixed,8,50000,400000,100,monitor,1,0,0.56,1920,1.17,1.77,554016811,PASS,1200016,1200016,0,0,COMPLETE,0,0,0
mixed,8,50000,400000,100,monitor,2,0,0.53,1920,0.95,1.82,525103221,PASS,1200016,1200016,0,0,COMPLETE,0,0,0
mixed,8,50000,400000,100,baseline,2,0,0.27,1792,0.26,0.92,270959327,PASS,,,,,,,,
mixed,8,50000,400000,100,baseline,3,0,0.28,1792,0.33,0.9,278600124,PASS,,,,,,,,
mixed,8,50000,400000,100,monitor,3,0,0.55,1920,1.05,1.8,543546954,PASS,1200016,1200016,0,0,COMPLETE,0,0,0
mixed,8,50000,400000,100,monitor,4,0,0.55,1920,1.07,1.78,541988075,PASS,1200016,1200016,0,0,COMPLETE,0,0,0
mixed,8,50000,400000,100,baseline,4,0,0.28,1920,0.31,0.9,274069467,PASS,,,,,,,,
mixed,8,50000,400000,100,baseline,5,0,0.28,1792,0.34,0.89,283808628,PASS,,,,,,,,
mixed,8,50000,400000,100,monitor,5,0,0.57,1920,1.04,1.81,561579949,PASS,1200016,1199341,675,562,DEGRADED,2,1,0
mixed,8,50000,400000,100,monitor,6,0,0.56,1920,0.97,1.85,557299325,PASS,1200016,1191028,8988,7489,DEGRADED,5,5,0
mixed,8,50000,400000,100,baseline,6,0,0.28,1920,0.34,0.87,283854001,PASS,,,,,,,,
mixed,8,50000,400000,100,baseline,7,0,0.29,1792,0.23,1.05,289487394,PASS,,,,,,,,
mixed,8,50000,400000,100,monitor,7,0,0.56,1920,1.05,1.9,555724395,PASS,1200016,1200016,0,0,COMPLETE,0,0,0
mixed,8,50000,400000,100,monitor,8,0,0.54,1920,1.03,1.8,532736236,PASS,1200016,1200016,0,0,COMPLETE,0,0,0
mixed,8,50000,400000,100,baseline,8,0,0.28,1792,0.28,0.93,277006243,PASS,,,,,,,,
mixed,8,50000,400000,100,baseline,9,0,0.28,1792,0.29,0.94,283005298,PASS,,,,,,,,
mixed,8,50000,400000,100,monitor,9,0,0.55,1792,0.98,1.9,547111494,PASS,1200016,1200016,0,0,COMPLETE,0,0,0
mixed,8,50000,400000,100,monitor,10,0,0.55,1920,1.06,1.86,548172471,PASS,1200016,1200016,0,0,COMPLETE,0,0,0
mixed,8,50000,400000,100,baseline,10,0,0.28,1920,0.24,0.96,275629002,PASS,,,,,,,,
mixed,16,25000,400000,100,baseline,1,0,0.33,1792,0.32,3.14,326177273,PASS,,,,,,,,
mixed,16,25000,400000,100,monitor,1,0,0.57,2176,1.22,3.78,557805533,PASS,1200032,1200032,0,0,COMPLETE,0,0,0
mixed,16,25000,400000,100,monitor,2,0,0.53,1920,1.35,3.69,545621770,PASS,1200032,1200032,0,0,COMPLETE,0,0,0
mixed,16,25000,400000,100,baseline,2,0,0.31,1792,0.28,3.17,325205063,PASS,,,,,,,,
mixed,16,25000,400000,100,baseline,3,0,0.31,1792,0.31,3.11,319520979,PASS,,,,,,,,
mixed,16,25000,400000,100,monitor,3,0,0.54,2048,1.09,3.98,552234406,PASS,1200032,1200032,0,0,COMPLETE,0,0,0
mixed,16,25000,400000,100,monitor,4,0,0.55,1920,1.34,3.76,559839702,PASS,1200032,1200032,0,0,COMPLETE,0,0,0
mixed,16,25000,400000,100,baseline,4,0,0.32,1792,0.35,3.06,324418476,PASS,,,,,,,,
mixed,16,25000,400000,100,baseline,5,0,0.31,1792,0.3,3.12,320364616,PASS,,,,,,,,
mixed,16,25000,400000,100,monitor,5,0,0.55,1920,1.21,3.92,554955877,PASS,1200032,1200032,0,0,COMPLETE,0,0,0
mixed,16,25000,400000,100,monitor,6,0,0.54,2048,1.21,3.86,548576540,PASS,1200032,1200032,0,0,COMPLETE,0,0,0
mixed,16,25000,400000,100,baseline,6,0,0.32,1792,0.31,3.1,321152871,PASS,,,,,,,,
mixed,16,25000,400000,100,baseline,7,0,0.32,1792,0.33,3.08,321227127,PASS,,,,,,,,
mixed,16,25000,400000,100,monitor,7,0,0.56,2432,1.43,3.46,561527075,PASS,1200032,1200032,0,0,COMPLETE,0,0,0
mixed,16,25000,400000,100,monitor,8,0,0.56,2048,1.3,3.73,560704043,PASS,1200032,1200032,0,0,COMPLETE,0,0,0
mixed,16,25000,400000,100,baseline,8,0,0.32,1792,0.36,2.91,323701078,PASS,,,,,,,,
mixed,16,25000,400000,100,baseline,9,0,0.32,1920,0.28,3.05,318810040,PASS,,,,,,,,
mixed,16,25000,400000,100,monitor,9,0,0.55,2048,1.27,3.79,549446567,PASS,1200032,1200032,0,0,COMPLETE,0,0,0
mixed,16,25000,400000,100,monitor,10,0,0.55,2048,1.2,3.87,547162615,PASS,1200032,1200032,0,0,COMPLETE,0,0,0
mixed,16,25000,400000,100,baseline,10,0,0.31,1792,0.31,2.82,314840233,PASS,,,,,,,,
